time,topic,value,unit,reading_time,price_usd,network,tx,payer,buyer,latency_ms
2026-09-27T21:30:52.265Z,mac/battery/temperature,31.4,°C,2026-09-27T21:30:51.036Z,0.001,eip155:8453,0xec7f730c4c9a4b6d53dba1cb9f308aa63853f78536eacb293c72cd52de8ce130,0x3B8b93fc86Ad4Af0600C7fe5fE38B15B7A3dF573,cult-os-test,1109
2026-09-27T21:30:54.521Z,mac/battery/level,42,%,2026-09-27T21:30:51.036Z,0.001,eip155:8453,0xcb7cd5288f06360d481d487b3126cd6a39e973e11813091ad88304379eca1d3d,0x1d49c4dedA1E447abeb4b309D8B9Fb55a196a1a9,cult-os-test,1043
2026-09-27T21:30:56.599Z,mac/power/watts,12.3,W,2026-09-27T21:30:51.036Z,0.001,eip155:8453,0xd1f8f37649566aa131731f3f58056a5faafbb5de9c699eb358842f55fc1d605e,0x3B8b93fc86Ad4Af0600C7fe5fE38B15B7A3dF573,cult-os-test,1246
2026-09-27T21:30:58.442Z,mac/cpu/load,5.21,load,2026-09-27T21:30:56.037Z,0.001,eip155:8453,0xe78e244d94af7a21fbcbbb87efa22a274a0bad41dc279f15f0caef3b386a0b0d,0x1d49c4dedA1E447abeb4b309D8B9Fb55a196a1a9,cult-os-test,1028
2026-09-27T21:31:00.339Z,mac/memory/free,44,%,2026-09-27T21:30:56.037Z,0.001,eip155:8453,0x5ae67c4aef7c0a73a9ee9652150b8c5ea484324a1125d986dd2f6e5a6fa42548,0x3B8b93fc86Ad4Af0600C7fe5fE38B15B7A3dF573,cult-os-test,1196
2026-09-27T21:31:02.595Z,mac/battery/cycles,1052,cycles,2026-09-27T21:31:01.038Z,0.001,eip155:8453,0x1b2e3027fa210f2df32b35f24a712ec629d4db9da2885a5e476750f062851137,0x1d49c4dedA1E447abeb4b309D8B9Fb55a196a1a9,cult-os-test,1542
2026-09-27T21:31:03.974Z,mac/thermal/pressure,normal,,2026-09-27T21:31:01.038Z,0.001,eip155:8453,0x907ac572410bddcb8f6b9e030fb0f313fd7ccc53aa89478e49776fad18e0b71b,0x3B8b93fc86Ad4Af0600C7fe5fE38B15B7A3dF573,cult-os-test,1195
2026-09-27T21:31:07.332Z,mac/battery/temperature,31.4,°C,2026-09-27T21:31:01.038Z,0.001,eip155:8453,0xc073d4cae6008c02ecc425a733c53ac1807a9d6cd8c8467060a03e765d945f1d,0x1d49c4dedA1E447abeb4b309D8B9Fb55a196a1a9,cult-os-test,1686
2026-09-27T21:31:10.357Z,mac/power/watts,12.3,W,2026-09-27T21:31:06.045Z,0.001,eip155:8453,0x1cf3a58daabd55d39960e7f7951708b9e4e7b7e3daddb7bf7c784b31bd2067f2,0x3B8b93fc86Ad4Af0600C7fe5fE38B15B7A3dF573,cult-os-test,1112
2026-09-27T21:31:12.000Z,mac/cpu/load,4.65,load,2026-09-27T21:31:11.048Z,0.001,eip155:8453,0x45d8fbdde0feb1eaa4e266935e7425873af23c84a635312e62ad56ad3f8fbf41,0x1d49c4dedA1E447abeb4b309D8B9Fb55a196a1a9,cult-os-test,915
2026-09-27T21:31:14.726Z,mac/cpu/load,4.65,load,2026-09-27T21:31:11.048Z,0.001,eip155:8453,0x1921acaf77dbfa940b77c75bf75e45fab69ad21bfced850645facdae67b0f522,0x3B8b93fc86Ad4Af0600C7fe5fE38B15B7A3dF573,cult-os-test,1407
2026-09-27T21:31:17.141Z,mac/memory/free,40,%,2026-09-27T21:31:11.048Z,0.001,eip155:8453,0x0ede7e8f80757f2e00524b8b152e160f14449e02e9ed942bba7040796eac02eb,0x1d49c4dedA1E447abeb4b309D8B9Fb55a196a1a9,cult-os-test,1698
2026-09-27T21:31:42.277Z,mac/battery/level,42,%,2026-09-27T21:31:36.080Z,0.001,eip155:8453,0xd7d22ffff4a8dad27c8ad9b7de88948bbe6c21b5a642bf22ee60e46642f22454,0x3B8b93fc86Ad4Af0600C7fe5fE38B15B7A3dF573,cult-os-test,1604
2026-09-27T21:32:19.241Z,mac/battery/temperature,31.4,°C,2026-09-27T21:32:16.122Z,0.001,eip155:8453,0x7beb198812cbd809455563f7d01dab78e66506ced8e4e35e851d619f5c45c43e,0x3B8b93fc86Ad4Af0600C7fe5fE38B15B7A3dF573,cult-os-test,1820
2026-09-27T21:32:22.674Z,mac/battery/level,41,%,2026-09-27T21:32:21.127Z,0.001,eip155:8453,0x9e83f3a7fd27574167c4f2fc560141558df4e0792077788c27787a6c80520125,0x1d49c4dedA1E447abeb4b309D8B9Fb55a196a1a9,cult-os-test,1118
2026-09-27T21:32:23.821Z,mac/power/watts,11,W,2026-09-27T21:32:21.127Z,0.001,eip155:8453,0x06d0314acb4b5c86bf8f54b9d607b0f165d926b8bdb18c0cff4c521a8c8c4266,0x3B8b93fc86Ad4Af0600C7fe5fE38B15B7A3dF573,cult-os-test,795
2026-09-27T21:32:26.705Z,mac/cpu/load,4.75,load,2026-09-27T21:32:21.127Z,0.001,eip155:8453,0xbe404d31a41eee25bac278ff2d0d99d93c1ef5d694c0dea6ec3e05412ad3f77b,0x1d49c4dedA1E447abeb4b309D8B9Fb55a196a1a9,cult-os-test,1037
2026-09-27T21:32:28.268Z,mac/memory/free,40,%,2026-09-27T21:32:26.130Z,0.001,eip155:8453,0xcd5e95abc7f9fc0d5291520dee6e569ca60404be3f3c58fe70887eb3fd0704e8,0x3B8b93fc86Ad4Af0600C7fe5fE38B15B7A3dF573,cult-os-test,1380
2026-09-27T21:32:30.705Z,mac/battery/cycles,1052,cycles,2026-09-27T21:32:26.130Z,0.001,eip155:8453,0xb6c260f50829395ce10537de0004afedd90e2eb4b2e97871919c4704a6e1f533,0x1d49c4dedA1E447abeb4b309D8B9Fb55a196a1a9,cult-os-test,1287
2026-09-27T21:32:31.912Z,mac/thermal/pressure,normal,,2026-09-27T21:32:31.149Z,0.001,eip155:8453,0xd81860681e390d7f3b7089058cee9223bd673dbdddf262659c61cd7fe90ecc52,0x3B8b93fc86Ad4Af0600C7fe5fE38B15B7A3dF573,cult-os-test,956
2026-09-27T21:32:34.180Z,mac/battery/temperature,31.4,°C,2026-09-27T21:32:31.149Z,0.001,eip155:8453,0xef31ee45ca92cf253740222c5a7cc118593a611ef65f25aec2cbd9b3d123d985,0x1d49c4dedA1E447abeb4b309D8B9Fb55a196a1a9,cult-os-test,952
2026-09-27T21:32:36.544Z,mac/power/watts,11,W,2026-09-27T21:32:31.149Z,0.001,eip155:8453,0xb7722aa8601194a460443c9a70106dbb657b864bd4fd08ef806a5b31680c140f,0x3B8b93fc86Ad4Af0600C7fe5fE38B15B7A3dF573,cult-os-test,1227
2026-09-27T21:32:38.440Z,mac/cpu/load,5.24,load,2026-09-27T21:32:36.153Z,0.001,eip155:8453,0xe574cdd30065078c98c58180a967d9eb983367f7a0794a769472ece60be49155,0x1d49c4dedA1E447abeb4b309D8B9Fb55a196a1a9,cult-os-test,1088
2026-09-27T21:32:40.226Z,mac/cpu/load,5.24,load,2026-09-27T21:32:36.153Z,0.001,eip155:8453,0x414305f6c105f4264a471f4bae200d4f7823fe076e0db291aa1d6e9de0d521bc,0x3B8b93fc86Ad4Af0600C7fe5fE38B15B7A3dF573,cult-os-test,1067
2026-09-27T21:32:42.378Z,mac/memory/free,42,%,2026-09-27T21:32:41.158Z,0.001,eip155:8453,0x1f615b8483868bd7d31c94e928c4f0b648bb30a697b57c48f051e30c38e6376c,0x1d49c4dedA1E447abeb4b309D8B9Fb55a196a1a9,cult-os-test,1025
2026-09-27T21:33:07.771Z,mac/battery/level,41,%,2026-09-27T21:33:06.183Z,0.001,eip155:8453,0x5e0348cf6de822facaf558d760f32b0c91eb8134989d8b9a88e2bff68e3eaa38,0x3B8b93fc86Ad4Af0600C7fe5fE38B15B7A3dF573,cult-os-test,1117
